{
  "train_loss": [
    1.6649167710864865,
    1.2302682222546757,
    1.095019103707494,
    1.0096273724291775,
    0.9317812716235986,
    0.8609973886931265,
    0.7975849362241255,
    0.7386553756691314,
    0.6966641182835037,
    0.6499797422942277,
    0.6062909183469979,
    0.5746845833554461,
    0.5447608296935623,
    0.5112519437396849,
    0.48589973705443174,
    0.4623021208555312,
    0.4394837018807192,
    0.4246552855380484
  ],
  "train_acc": [
    0.439453125,
    0.5801520270270271,
    0.630299831081081,
    0.6689505912162163,
    0.6945629222972972,
    0.721853885135135,
    0.7497994087837838,
    0.7663006756756756,
    0.7858424831081081,
    0.8024387668918919,
    0.8187288851351351,
    0.8332875844594594,
    0.8424303209459459,
    0.856566722972973,
    0.8645798141891892,
    0.8742398648648648,
    0.8830975506756757,
    0.8878378378378379
  ],
  "val_loss": [
    1.6010133710336407,
    1.2592652795234698,
    1.2431161928342656,
    1.2196377528103068,
    1.6387969158597289,
    1.2558898743476716,
    1.2858968432266265,
    1.265756126408279,
    1.4406572282090784,
    1.1701859998077155,
    1.1604805055484173,
    1.21767082266137,
    1.2236606496810916,
    1.1526575408242645,
    1.2171907898731527,
    1.191548651668429,
    1.2551758550494907,
    1.2489732040464878
  ],
  "val_acc": [
    0.5042588975694444,
    0.5670301649305556,
    0.5555284288194444,
    0.5803493923611112,
    0.4321017795138889,
    0.5718044704861112,
    0.542236328125,
    0.6011827256944444,
    0.5743815104166667,
    0.61572265625,
    0.6131727430555556,
    0.6128200954861112,
    0.6141764322916667,
    0.6351453993055556,
    0.6272515190972222,
    0.6319715711805556,
    0.6246473524305556,
    0.6249186197916667
  ],
  "lr": [
    0.015,
    0.014249999999999999,
    0.013537499999999997,
    0.012860624999999997,
    0.012217593749999997,
    0.011606714062499997,
    0.011026378359374997,
    0.010475059441406247,
    0.009951306469335935,
    0.009453741145869138,
    0.00898105408857568,
    0.008532001384146896,
    0.00810540131493955,
    0.007700131249192572,
    0.007315124686732943,
    0.006949368452396296,
    0.006601900029776481,
    0.006271805028287656
  ]
}