{
  "train_loss": [
    1.6822601750090316,
    1.2490852074445904,
    1.094807790541971,
    0.9940683535627417,
    0.9148735021417206,
    0.8556943392834148,
    0.7804047403907454,
    0.7226554827915656,
    0.7378497748962931,
    0.634676743097402,
    0.5909883582310097,
    0.5648522763638884,
    0.530430532186418,
    0.49904639888051394,
    0.47444999983181824
  ],
  "train_acc": [
    0.4459670608108108,
    0.5832559121621622,
    0.6419024493243244,
    0.6804159628378378,
    0.7103040540540541,
    0.7321368243243244,
    0.7608952702702703,
    0.7821684966216216,
    0.782960304054054,
    0.8136402027027028,
    0.8332981418918919,
    0.8411317567567568,
    0.8548458614864866,
    0.8665223817567569,
    0.8758762668918918
  ],
  "val_loss": [
    1.527460162445251,
    1.2523685380354523,
    1.248741440056637,
    1.1715304976280778,
    1.3734544305942953,
    1.3107918429795653,
    1.3347011697616429,
    2.138858606429398,
    1.3498811468079686,
    1.130185427299887,
    1.1124679929107428,
    1.1657455840796231,
    1.158054410083592,
    1.1887624743804337,
    1.1656605746351183
  ],
  "val_acc": [
    0.4872504340277778,
    0.569580078125,
    0.5712076822916667,
    0.6011827256944444,
    0.4991048177083333,
    0.5726453993055556,
    0.5389268663194444,
    0.5442979600694444,
    0.5828993055555556,
    0.6344129774305556,
    0.6321072048611112,
    0.6321072048611112,
    0.6303982204861112,
    0.6221788194444444,
    0.6289333767361112
  ],
  "lr": [
    0.015,
    0.014249999999999999,
    0.013537499999999997,
    0.012860624999999997,
    0.012217593749999997,
    0.011606714062499997,
    0.011026378359374997,
    0.010475059441406247,
    0.009951306469335935,
    0.009453741145869138,
    0.00898105408857568,
    0.008532001384146896,
    0.00810540131493955,
    0.007700131249192572,
    0.007315124686732943
  ]
}