{
  "train_loss": [
    1.7863140210912034,
    1.2422262877225876,
    1.1071382336117126,
    1.0105499343292133,
    0.9275845623499638,
    0.8680950556252454,
    0.7962627653535959,
    0.7362528332584614,
    0.6870472764445318,
    0.6433739680293444,
    0.5963745887416441,
    0.5641270862841928,
    0.5299027628592543,
    0.5024058590265544,
    0.4716539945755456
  ],
  "train_acc": [
    0.4321262668918919,
    0.570777027027027,
    0.626393581081081,
    0.6654138513513513,
    0.6930848817567568,
    0.7132601351351351,
    0.7424619932432432,
    0.7660684121621621,
    0.7867609797297297,
    0.802174831081081,
    0.8190561655405406,
    0.8318095439189189,
    0.8458720439189189,
    0.8548669763513513,
    0.866036739864865
  ],
  "val_loss": [
    1.551241434396058,
    1.2407436564890668,
    1.2834028478477149,
    1.1732965754017233,
    1.8496128810029475,
    1.2199288852117953,
    1.2559474042460321,
    1.4599736201480034,
    1.6397755870640278,
    1.2274744652055203,
    1.180369483298808,
    1.1656569590225816,
    1.3937815306067467,
    1.1879706554040312,
    1.267936591771245
  ],
  "val_acc": [
    0.46101888020833337,
    0.5669216579861112,
    0.5509168836805556,
    0.5921766493055556,
    0.42903645833333337,
    0.5871853298611112,
    0.572021484375,
    0.581298828125,
    0.5443250868055556,
    0.6113552517361112,
    0.6239149305555556,
    0.6301540798611112,
    0.5686306423611112,
    0.6360134548611112,
    0.6096462673611112
  ],
  "lr": [
    0.02,
    0.019,
    0.01805,
    0.0171475,
    0.016290125,
    0.015475618749999998,
    0.014701837812499997,
    0.013966745921874996,
    0.013268408625781245,
    0.012604988194492182,
    0.011974738784767573,
    0.011376001845529194,
    0.010807201753252733,
    0.010266841665590096,
    0.009753499582310591
  ]
}