{
  "train_loss": [
    1.9067639225238078,
    1.5214811221167848,
    1.3789976364051975,
    1.2834877927561064,
    1.2078798848229486,
    1.1475880856852274,
    1.0837562049965601,
    1.0339747778064496,
    0.9931677535579011,
    0.9490084285671646,
    0.9101281248637147,
    0.8840280811528902,
    0.8515992261267997,
    0.8259201092091767,
    0.8007890533756565
  ],
  "train_acc": [
    0.44701224662162165,
    0.5840688344594595,
    0.6363703547297297,
    0.6766047297297297,
    0.7060177364864865,
    0.7275760135135135,
    0.7546241554054054,
    0.7729307432432432,
    0.7872255067567568,
    0.8047297297297297,
    0.8167018581081081,
    0.8289484797297297,
    0.8415012668918919,
    0.853272804054054,
    0.8633657094594595
  ],
  "val_loss": [
    1.8656669937665578,
    1.516482155754231,
    1.5019378630472349,
    1.4665197525816038,
    1.605615234909579,
    1.50123887027055,
    1.4693848213255405,
    1.5485633801557126,
    1.5274740814752874,
    1.40004026408121,
    1.3618660788051784,
    1.3806125140897927,
    1.3905602470561862,
    1.397654423698783,
    1.3948971593677995
  ],
  "val_acc": [
    0.4565972222222222,
    0.5836588541666667,
    0.5716417100694444,
    0.595703125,
    0.5145128038194444,
    0.5858289930555556,
    0.586669921875,
    0.5908203125,
    0.5884060329861112,
    0.621337890625,
    0.6339246961805556,
    0.632080078125,
    0.6324869791666667,
    0.632568359375,
    0.6329752604166667
  ],
  "lr": [
    0.01,
    0.0095,
    0.009025,
    0.00857375,
    0.0081450625,
    0.007737809374999999,
    0.007350918906249998,
    0.006983372960937498,
    0.006634204312890623,
    0.006302494097246091,
    0.005987369392383786,
    0.005688000922764597,
    0.005403600876626367,
    0.005133420832795048,
    0.0048767497911552955
  ]
}