{
  "train_loss": [
    1.6272531351462234,
    1.2100634607163379,
    1.0657004230922047,
    0.9729121245708562,
    0.882401744373357,
    0.8125739639180566,
    0.7315635444649988,
    0.6712156217513754,
    0.6189529570528698,
    0.5787751435376263,
    0.5294110630268575,
    0.489582448491792,
    0.46332711904182045,
    0.427028131540455,
    0.39241295057000647
  ],
  "train_acc": [
    0.4537013536379018,
    0.5815143824027073,
    0.6389699661590524,
    0.6754018612521151,
    0.7066095600676818,
    0.7284475465313028,
    0.7633142978003383,
    0.7844331641285957,
    0.8074555837563452,
    0.8185279187817259,
    0.8376692047377327,
    0.8572335025380711,
    0.8640862944162436,
    0.8753066835871404,
    0.8907148900169205
  ],
  "val_loss": [
    1.4470023277972404,
    1.2091906041415208,
    1.2448880753958018,
    1.1799283167656602,
    1.2336336543846675,
    1.2187535717612885,
    1.2101973230337058,
    1.19045209802564,
    1.4782437810313165,
    1.384660948146527,
    1.258497357969842,
    1.2626367363703055,
    1.3200122897580158,
    1.331910487193268,
    1.3801018609754203
  ],
  "val_acc": [
    0.49100503062117234,
    0.5875437445319335,
    0.5767716535433071,
    0.6018153980752406,
    0.5828958880139982,
    0.6021981627296589,
    0.6046587926509187,
    0.6175634295713036,
    0.5748304899387577,
    0.5970308398950132,
    0.6317804024496938,
    0.6396544181977253,
    0.6165244969378828,
    0.6321905074365705,
    0.6277887139107612
  ],
  "lr": [
    0.02,
    0.019,
    0.01805,
    0.0171475,
    0.016290125,
    0.015475618749999998,
    0.014701837812499997,
    0.013966745921874996,
    0.013268408625781245,
    0.012604988194492182,
    0.011974738784767573,
    0.011376001845529194,
    0.010807201753252733,
    0.010266841665590096,
    0.009753499582310591
  ]
}