{
  "train_loss": [
    1.6904739516006935,
    1.2392704416368459,
    1.0996557288878672,
    1.0014727274711068,
    0.9256050824313551,
    0.8655945513699506,
    0.8025782410357449,
    0.7427706275437329,
    0.7031383410700269,
    0.657519031316042,
    0.6168145592752341,
    0.5887022251011552,
    0.5501164842296291,
    0.5225089989803933,
    0.4959596554572518,
    0.47155470562142293,
    0.448853017409911,
    0.4318966485962674
  ],
  "train_acc": [
    0.43431165540540545,
    0.578589527027027,
    0.6337309966216216,
    0.674609375,
    0.7010451858108109,
    0.725168918918919,
    0.7490181587837837,
    0.7724556587837837,
    0.7888619087837838,
    0.8029244087837838,
    0.8195523648648649,
    0.8291596283783784,
    0.843602195945946,
    0.8544446790540541,
    0.864938766891892,
    0.8751900337837837,
    0.8835092905405406,
    0.8913429054054053
  ],
  "val_loss": [
    1.579814859054377,
    1.2636912058831196,
    1.2774027691248802,
    1.1816813241561874,
    1.2560253782391548,
    1.2246114690013228,
    1.3375751982346176,
    1.2101940062675622,
    1.6061384109422563,
    1.1508591675616802,
    1.1262441650822759,
    1.131299740409106,
    1.1663149080894888,
    1.1594784486152232,
    1.1806050637826324,
    1.1777913062788545,
    1.2009721378967166,
    1.2323337242558596
  ],
  "val_acc": [
    0.4259711371527778,
    0.5610622829861112,
    0.5534939236111112,
    0.587646484375,
    0.5570203993055556,
    0.5775282118055556,
    0.54248046875,
    0.6064724392361112,
    0.5473904079861112,
    0.6241861979166667,
    0.6379665798611112,
    0.6472439236111112,
    0.6361219618055556,
    0.6346299913194444,
    0.6340603298611112,
    0.636474609375,
    0.6339246961805556,
    0.6294216579861112
  ],
  "lr": [
    0.015,
    0.014249999999999999,
    0.013537499999999997,
    0.012860624999999997,
    0.012217593749999997,
    0.011606714062499997,
    0.011026378359374997,
    0.010475059441406247,
    0.009951306469335935,
    0.009453741145869138,
    0.00898105408857568,
    0.008532001384146896,
    0.00810540131493955,
    0.007700131249192572,
    0.007315124686732943,
    0.006949368452396296,
    0.006601900029776481,
    0.006271805028287656
  ]
}