{
  "train_loss": [
    1.8099617398268468,
    1.2905657484724715,
    1.1490299083493851,
    1.0585998447762954,
    0.9760808986989228,
    0.9178327372347986,
    0.8499176963358313,
    0.7938584797084332,
    0.7521141590298833,
    0.7090895135660429,
    0.6608421733049122,
    0.64904037973768
  ],
  "train_acc": [
    0.4029877533783784,
    0.5512668918918919,
    0.6066511824324324,
    0.6406989020270271,
    0.6717799831081082,
    0.694309543918919,
    0.7203125,
    0.7381862331081082,
    0.7528927364864865,
    0.7726668074324324,
    0.7862436655405406,
    0.7945945945945946
  ],
  "val_loss": [
    1.7462314133448058,
    1.2953905163627117,
    1.2615748123224824,
    1.2058370502427223,
    1.3825611760716883,
    1.199332762401551,
    1.250012338678539,
    1.1529625109434127,
    1.5822236433722079,
    1.1913316701464356,
    1.1901757757626472,
    1.1493918921619655
  ],
  "val_acc": [
    0.3872341579861111,
    0.5462510850694444,
    0.5433485243055556,
    0.5722927517361112,
    0.5263943142361112,
    0.578857421875,
    0.5658094618055556,
    0.6046278211805556,
    0.5332302517361112,
    0.6143934461805556,
    0.6068250868055556,
    0.6251627604166667
  ],
  "lr": [
    0.02,
    0.019,
    0.01805,
    0.0171475,
    0.016290125,
    0.015475618749999998,
    0.014701837812499997,
    0.013966745921874996,
    0.013268408625781245,
    0.012604988194492182,
    0.011974738784767573,
    0.011376001845529194
  ]
}